,name,title,rating,date,text,helpful_vote
0,Rakesh Swain,First drink first impressions,5.0,9 September 2021,Update : After a 1.5 months of usage. Loving it. Does the job. Ordering it again. Though it has increased the price by 100 bucks. Inflation everywhere!______________________________________________Checked my orders. Had ordered ‚ÄãWhey Energy Choclate for the last 10 times. So thought for a change of flavor and some extra protein.Pros:1.  Mango flavour is not as good as the choclate I was used to but good enough when mixed with milk. May be I need to give it time.2. The biggest pro over whey energy choclate is the absorbency. Mixes so well with chilled milk with same amount of shaking. Didn't find a single lump.3. Extra protein per scoop. I drink half before and half after workout. Good energy during workout and good recovery post workout.4. Unique scoop mechanism.5. No bloating or indigestion of any sort even though some extra protein. I mix 1 scoop with 500ml of chilled milk.Cons :1. Nothing as of now except may be a bit pricey I guess.,151
1,Misbah,Best ever protien,5.0,5 August 2021,I have used this protien since 10 days and I can say that it's good protien it's taste is awesome also it digests quickly I have used almost all imported brands but this one is nest level better than asitis better than bigmuscle better than imported brands go for it but price is little bit costly on whey protien and biozyme whey isolate is very costly than imported brands I will recommend U only Biozyme performance whey coz it's in budget range but if u want to buy biozyme whey protien and biozyme whey isolate then please don't buy these two because imported brand price and these two price are almost same go only for biozyme performance whey,125
2,Monu Banerjee,The Best Whey For Indian,5.0,21 August 2021,"The media could not be loaded.
                



¬†I tried lots of variety in whey protein,but this protein is a one step upper then all other indian brand.I have been using MB Whey for a long time.And The result is great and if u use this whey or any MB product ,then u feel the rusult in one week.. and the best part of MuscleBlaze all information are clearly mention in product packaging..and one more best thing if you buy in amazon d'not worry about authentication bcoz MuscleBlaze all product are the sell form official MuscleBlaze company...just one suggestion for MuscleBlaze plz sand a gift as a shaker or t-shart...if you search any Indian brands so you go with MuscleBlaze..",127
3,Nirav d.,Best flavour i have ever tested & tasted till date,5.0,28 May 2021,I have tried bunch of flavours but ordered this Mango flavour for the first time & believe me this is the best flavour i have ever tasted & just try with milk & you're gonna love it ...Just buy it,104
4,Vinuth,Just go for a change,4.0,12 June 2021,"Generally for protein shakes, it's better to go with flavours that go well with milk. You can choose flavours like grape, strawberry and mango just for a change.But the problem is the flavour is too sweet and I felt like mango sugar taste and for slow absorption if you take it with milk then you have to consume within 5-7 mins as the milk breaks. Rest I find it good but I feel its contains some sugars (not mentioned on the container) as it's so sweet. In my opinion it's better to go with caffe mocca or chocolate if you don't mind the taste but if you want to try something new go for this. Btw it tastes so good with milk and when mixed with water it tastes like diluted copy products of maaza or fruity.",57
5,Biswajoy Ghosh,Best tasting,5.0,22 May 2021,I bought the mango flavoured one. I have tried a number of whey protein supplements and a number of other flavours beside mango by MB itself. This one is by far the most natural tasting protein in my opinion. I mix a scoop with 200ml of chilled water and it tastes exactly like a pulpy mango drink. Will not change this flavour untill I am totally bored.,51
6,Babu lal,Fantastic,5.0,21 April 2021,Fantastic taste and great results. It helps me alot during my competition sessions. I put up almost 6 pound lean muscle mass. Loved it,50
7,Deepak Dahiya,"Totally waste.. stomach problem, health issue",1.0,18 June 2021,"It is totally waste product, creates stomach problem, anything you eat you just need to go for potty, harmful for digestion, i quit it just after 2 dose..even i had taken half scope first day and other half the next day, suddenly i stopped it because it is like a chemical. Don't use..waste of money.",37
8,KG,If you want to empty your bowels then this can be a good laxative. Absolute GARBAGE.,1.0,12 July 2021,"Mango flavour is mind blowing. I bought 1kg Mango flavour for the taste but will buy 2kg one next time.Easy to digest.Update 1 : after 5+ scoops this protein feels lighter on stomach as compared with others.Update 2 : I had a diarrhoea after 10+ scoops. Not sure if this bio-enzyme cleans up stomach.Update 3: I'm not sure if this is the right product for me. My stomach gets upset for 1-2 days after having one scoop.Update 4: Everytime I have taken this protein, I had upset stomach or diarrhoea.If you want to empty your bowels then this can be a good laxative.Threw away this after trying several times.",32
9,Prince jain,Know the things,5.0,15 July 2021,I‚Äôve taken hazelnut chocolate flavour so 1st thing for most whey proteins or any bodybuilding supplements are not for all in some body they can give side effects or in some they can give very good effects so stop saying that this protein is right this protein is fake etc things so just take the whey protein don‚Äôt complain that the flavour is good flavour is not good etc you need gains your not drinking or taking thing for taste,28
10,Ankit,Default your product please refund the money,1.0,24 October 2021,Hello Iam Ankit. I ordered a muscles blaze biozyme performance whey (chocolate flavour) .there is no . Seal  in the product .it is not mix with water  properly. Scoop is missing .one of the main thing is that too there is no. Expiry date on the  product and manufacturing date in the product .the powder smells is very bad .the. Taste of the. Product is also very bad .so that I requested you to refund my money. As soon as possible ..Thankyou,25
11,Rohit barua,Pathetic,1.0,12 May 2021,Ghatiya is just aptIts taste is patheticSo is the uneasiness caused by itIf you want to buyBuy whey isolateNot this pleaseSpecially chocolate flavourDon't do this to yourself,28
12,mukesh k.,I have got the spoiled product,1.0,15 March 2022,"The media could not be loaded.
                



¬†When I mix it water it didn't get mix first and then when I open my shaker I have got foul smell as like it get expired or got spoiled. I really want to say they plz.. Don't buy this product as Amazon giving duplicate product to customers. As God thank I didn't drink that if I take  that i didn't think I get well then.",16
13,Rohan,Low quality protein. Don‚Äôt waste your money,1.0,12 October 2021,"I used Muscletech Nitrotech for a month and I got really good results.Then I came across this product - Musclsblaze Biozyme, and I ordered it because it was on sale. I regret ordering it.I‚Äôve been taking this for almost 15 days now and I‚Äôve not seen any improvement in my physique. I feel like I‚Äôm losing my muscles that I had gained in the last 1 month when I was taking Muscletech.I‚Äôve placed a new order for Muscletech and I won‚Äôt be taking Muscleblaze anymore.Please don‚Äôt waste your money on such low quality products. It won‚Äôt benefit you in anyway. Might as well pay a little more and get a good quality supplement.Muscleblaze does really good advertising but their products are terrible.",15
14,Bharath Raj Shet,Pure Gimmick from MuscleBlaze,1.0,15 December 2021,"Bought this protein powder thinking it must be good from all the awesome artwork, marketing fancy stuff done by Mb.But this is the worst protein powder ever , I have been using protein from ON, Nutrabay, Myprotein so thought I‚Äôll go for a change.They say Fancy stuff like Biozyme tech etc etc but in reality it‚Äôs just Protein concentrate not even isolate just read the ingredients.I have been having stomach discomfort post this usage.Mango Flavour is also very sweet and is okayish.I think I have to just throw away this box now.Very bad experience from MB.",12
15,Manasi,Uneasiness in stomach,1.0,18 June 2021,"Get a lot of stomach ache and uneasiness everytime I take it. Not good product, caused stomach upset, big muscle is better",17
16,Hrithik wankhede,You wont have uneasiness in stomach if you have proper nutrition.,4.0,2 August 2021,"Honest review:- i have tried this whey protein getting influenced by saket ghokhale (youtuber). And it turns out it works on me! Look everyone have their body type. With proper workout and diet this whey protein really helped me look lean and muscular. I have finished 1 kg and now ordered 2kg. Go for it. I am not newbie (5 years training). This is totally budget friendly, I find this helpful to my pockets too!",10
17,Muzamil Kelam,Hard on the gut. An unspecified amount of sucralose.,1.0,24 August 2021,"I only consumed two servings of it and I got diarrhoea, bloating and upper abdominal pain. They don't mention the amount of sucralose added to it(which can be harmful in high doses).I am not consuming more of it. Total waste of money.",10
18,vivek thakur,Tastes really good.,4.0,10 August 2022,"Biggest problem with whey? Palatability due to taste, unpleasant granular texture even in a solution and poor mixing with water/milk.Pleasantly surprised with this product though, it addresses all three very well. Tastes like molten ice cream,yum ! No way to comment on absorbency etc eithout a lab, so guess will have to take the manufacturer's word on it.",4
19,Naman Bajaj,"Good Packaging, Good mixability but bad taste",3.0,9 November 2021,"I have tried muscleblaze biozyme in choco6 and chocolate hazelnut, whcih i really liked. I thought to order mango after reading the reviews on all the sites. But sadly, i find the taste more like a medicine rather than mango. The company should improve more on the taste for this flavour only.",5
20,AKHIL,Not good as expected,1.0,4 August 2021,"Packing was bad.... the taste of mango flavor is same like a cheap 10rupees softdrink... doesn't feels like a protein shake...even we put 200ml for one scoop feels very lite,  not getting thick taste...I have used MB whey protein before.. by comparing between both its not good....Just okay...not for serious gymholics....",5
21,Pradip,This is good whey,4.0,11 December 2021,I have tried a number of different whey brands in the last 7 years. My go to brand was Nitrotech. This time I decided on Muscleblaze Biozyme since they claimed Labdoor certification. So I bought a 1kg to try. I am quite impressed with the product. The taste is good and over the last month or so I haven‚Äôt seen any weight gain though my muscle mass has improved. Of course no one should expect wonders from any whey protein. This is only a supplement. The main thing is exercise and good diet.,2
22,Amazon Customer,It makes your stomach upset in just 3-4 days was not able to digest even water after consuming this,1.0,29 March 2022,"Really pathatic customer service no return option will work as they will consume your time with mails and then will deny to return. They say they are not accaountable for rashes , stomach aches and tastes.Don't get trapped I invested 8299/- and now stuck with this waste powder which is of no use to me as it's making my stomach aches",4
23,Sai kumar Mopurisetti,Very bad,1.0,29 September 2021,"Headache, stomachache, bloating and lot of side effects on first day itself",8
24,Rudranil G.,One of the best,5.0,18 July 2022,"After using it for 2 months I'm writing this review.It's one of the most recommended pdt in this category. And it shows. 1st the flavor is like chocolate Complan. A tip, if you mix it with more water (>the recommended amount) it tastes better. Also it tastes good with milk. Absorption was good too. I really saw muscle growth, that much I can vouch for. Take it post workout or daily basis for completing your protein needs. Never saw any problem with mixing or with digestion. Price is quite high though. So I'd not recommend this for students, but pros go for it.",2
25,vaiyavi v,Product is not mixing properly and creating lumps.,1.0,2 May 2022,Product smells like a fermented liquid. I added 200ml cold water and one scoop of MB whey as per they instructed. Continuous and vigorous shaking also done. But lumps are formed and flavour also not good. I checked the authenticity of product but its verified one. Still not getting satisfaction from it. I dislike it,3
26,Dinesh Vandra,Mixing,3.0,21 November 2021,"MuscleBlaze surely mixes some cheap quality protein in between or last on the top its the best quality proteinüíØüî• but i can feel the taste and after drinking there is some bubbles left in the shaker so its again a sign of mixing a cheap quality protein but those who cannot afford proteins like Optimum Nutrition, dynamite, gnc they can definitely go for it and i suggest you dont go for isolate its waste of money just by reducing 3-4g carbs how it will affect you for a lean gain but it cost 1000 rs more than this whey performance",2
27,Amrit Pal Sandhu,Too much artificial Sugar and Flavour,2.0,23 June 2022,"Used it twice in a day. And I just can't understand why Indian brands use too much of Artificial Sweetner and Flavours....It tastes like you are having 4 tablespoons of Sugar in one drink, which also supress the choclate flavour.Digestion is good.After taste is awful.Packaging is good.Product is genuine no bloating and foul smell noticed.Will update the review after 15 days if use about results on body.Edit 1 (15 days of use)Visible growth in muscle and recovery. Lesser fatigue and higher stamina while exercise.Will not buy a flavored whey 8n future as it limits the options to miz it with juices or shakes. RAW whey gives you more freedom over options to use with other drinks.",One person found this helpful
28,Raj,Geniune  product,5.0,20 September 2021,Muscleblaze besest product no doubt i got the original product thanks for that i m looking forward to buy one more.. i ll give 5 out of 5 in taste‚Ä¶ 5/5 in mixabiliyy‚Ä¶5/5 in digestion‚Ä¶you will not feel much change in one jar but yeah yeah it complete your 20% protein in your diet üòã,3
29,Mahi,Overall good product!,5.0,2 December 2021,So i am a normal person like you if you read this comment you will know all about the product so here is my poin of view i get this product in 2199 which is quite high price but the product worth it i have 60kg weight and i am 16 years old i order this becaouse i have regularly going to the gym there is no problem in absorption at all which i see in the comments so i will share my result after finishing it!,3
30,Amazon Customer,One of the worst protein experienced in last 10 years,1.0,27 July 2022,Taste is too much sweet... Too much sugar present it seems and protein percentage very low. As it is raw protein is much better than this which I am using in parallel. I will not recommend it to anyone.,2
31,Shivam,Received a faked one,1.0,28 June 2022,"The media could not be loaded.
                



¬†There is a cut on bottom of the box, received a fake product I guess",4
32,Pixelsandwords,One of the best tasting protein and easy on tummy.,5.0,29 July 2022,Go for it. Good for beginners and intermediates. A little bit expensive but worth it as the product is 100% quality and has multiple certifications.1. Absorption is great.2. Light on tummy.3. Great mixability. Shake for10-15 secs for lump free shake.4. Accurate protein percentage on dry basis.5. Taste is one of the best. A little sweeter. No added sugar.6. Packaging and scoop on the top is really cool.,One person found this helpful
33,Siddhu,Liked it,5.0,6 August 2022,"No lumps, easily dissolves, tastes good, no bloating or digestion problems. I take it pre and post workout and it's been giving good energy. I definitely recommend this. The spoon holder is a nice innovation. Overall 5 star product.",One person found this helpful
34,adhish,Best results and taste,5.0,27 June 2022,"1st of all Magic Mango is literally so good to taste. I'm so critical when it comes to taste so believe me, this tastes like heaven. Results: 3 days of rigorous high intensity resistance training (i ate 100gms of soyachunks split in 2meals and 2 scoops prior and post workout everyday) and there it is. My arms got toned like anything. The clothes fit better now. And it certainly gives you the energy to push you with the exercises and definitely helps in protein synthesis. Best product so far. Highly recommended! Thank you MB üòå",One person found this helpful
35,ìÜ©HimanshuìÜ™,ITS GENUINE PRODUCT ‚ù§Ô∏è,5.0,20 January 2022,"Make sure before purchasing check who's the seller if it's MuscleBlaze then it will be 100% genuin product!  I choose this protein coz it's trurly Accurate with its content and before i have tried MB Fuel One Whey ( Chocolate ) it's better in taste as compared to Biozyme , And about results Yes FuelOne was good and satisfying Now I'll be trying Biozyme",One person found this helpful
36,Ankur,Not any review is perfect it is a perception game,4.0,7 August 2022,Packing is so good but more important if some money saved from packing  and give it at  cheap to customer mixability great but not shown effect like on suppliment consumed one.month daily 1scoop .,2
37,Mansi choudhary,Best recovery package for my sports,5.0,24 May 2022,"The media could not be loaded.
                



¬†MB biozyme has proved me best by fast recovery in my intense workout sessions m. Moreover, it‚Äôs availability in small size helps me to take it to my competitions . I love it‚Äôs rich chocolate flavour but you must try kesari thandayi flavour too. Thanks to my gym buddy for recommending it.",One person found this helpful
38,Emmanuel W.,Price hike,3.0,14 July 2022,"The Muscle Blaze company seems to have excessively greedy, every now and then, increaseing the prices. I fear lest it should cause its fall and people go for an alternative since it is overrated also.",2
39,Amarnath,It's an effective product.,4.0,18 August 2021,MB Biozyme whey performance  is really a good product. It has a faster absorption rate in comparison to its previous products. The flavor of this product is quite good but it may not be good for everyone but can be bearable.  Yes it's value for money but it's should be less priced so that poor people also avail its benefits.,2
40,yugavaanraj,Worst product,1.0,2 September 2021,"Muscleblaze creating only hype to customers product was really worst, After consuming I will get bloating and flavour also to bad I tried lot's of product this whey protein was useless now a days muscleblaze product was worst",2
41,Amazon Customer,Note the high amount of cadmium,1.0,27 January 2022,"Their lab report mentions half the daily dose of cadmium in one scoop, so make sure to keep that in mind when taking this shake. I personally only took a few scoops I had 0 side-effects but probably best if avoided especially if you have a diet which already has some cadmium.",2
42,Dipanshu,There is no seal or code to determine the orignality of product .,1.0,5 April 2022,"The media could not be loaded.
                



¬†I cannot use the product because the seal was not present and the code given by the compaby is not there",3
43,Rahul,Doubt whether its fake,1.0,29 June 2022,I doubt whether the product is fake or not. As i can feel fine particles while mixing and drinking with water. I had used whey earlier and it should be creamy,One person found this helpful
44,Anshuman,Best protein,5.0,18 May 2022,"Protein quality is good, Taste is also awesome, Best protein for beginners ,üí™Meine eska lab test be kraya tha uske per scope 25g protien nekla genuine productThanke muscle blaze for this product in under budget",One person found this helpful
45,Amazon Customer,Milk powder,2.0,17 March 2022,‡§ï‡•Å‡§õ ‡§ñ‡§æ‡§∏ ‡§®‡§π‡•Ä ‡§π‡•à ‡§∞‡§ø‡§ú‡§≤‡•ç‡§ü ‡§≠‡•Ä ‡§á‡§§‡§®‡§æ ‡§Ö‡§ö‡•ç‡§õ‡§æ ‡§®‡§π‡•Ä ‡§π‡•à ‡§Æ‡§∏‡§≤‡•ç‡§∏ ‡§™‡§Ç‡§™ ‡§®‡§π‡•Ä ‡§π‡•Å‡§è ‡§è‡§ï ‡§Æ‡§æ‡§π ‡§à‡§∏‡•ç‡§§‡•á‡§Æ‡§æ‡§≤ ‡§ï‡§∞‡§®‡•á ‡§ï‡•á ‡§¨‡§æ‡§¶,2
46,AVIRAL aggarwal,overall good protein powder with great taste,4.0,12 May 2022,"The media could not be loaded.
                



¬†protein digest easily due to digestive enzymes in it and its mango flavour really tastes good",One person found this helpful
47,yash sharma,Worst product by MB I have ever used.,1.0,8 May 2022,I personally request you first take 1-2 kg sample then go for 4kg. My experience has been the worst with this.It makes milk very thick then you can't even drink that milk.Flavour is moderate.,One person found this helpful
48,Dr Avneesh Kumar,Too much sweet,3.0,2 April 2022,It's like having sugar spoon. Taste is good.,One person found this helpful
49,Uday Yadav,Overall the Product was good !,5.0,17 August 2021,"The Product is too good, yes! it meets my expectations. and I also received a muscle herb capsule sample pack, but I was expecting to get a Bcaa sample but overall the product was good and the taste was like an chocolate shake which we order from a reputed cafe",One person found this helpful
50,ayan p.,THANK YOU MUSCLEBLAZE AND AMAZON.,5.0,14 July 2021,"thank you i got 3 stick BCAA with bio-enzyme. thank you amazon for fast delivery.whey protein test and mixable is very good.MB BCAA - test, texture, smell, very good....",2
51,hemakumaran,TOO SWEET,3.0,24 June 2022,"It mixes well,absorbs well..no bloating and stuff...but the flavour is too sweet.didnt expect chocolate to be this sweet",One person found this helpful
52,Jatin gaba,Best quality protein,5.0,16 April 2021,It is one of the best protein i ever used. It tastes very good and mix very easily in water as well as milk i ordered this flavour for the first time and i really loved this flavour. Worth my money.,One person found this helpful
53,Vishal,Would definitely recommend .. price is high and so as the quality..,5.0,29 July 2021,Have been using this since 3 months and this is the second box I'm ordering... Nice taste and mixability.,One person found this helpful
54,Sandy gujjar,Nice product,4.0,7 June 2022,"The media could not be loaded.
                



¬†Value for money.",2
55,Pratyush shankar,Great taste and richness,4.0,16 August 2022,Dissolves easily‚Ä¶tastes good and very thick and Rick in taste‚Ä¶results can be seen in 1-2 months of usage,One person found this helpful
56,shiva s,Do not go for hazelnut flavour,2.0,14 May 2022,2 stars cuz of the bad flavour,2
57,Jadeja brijrajsinh,Best fruity flavour ever,4.0,21 February 2022,If you want to buy fruity flavour you should buy mango flavour definitely and never ever buy vanilla flavour it just tastes like medicine,One person found this helpful
58,Ashish,Very bad taste,1.0,5 September 2021,Cho folate flavour doesn‚Äôt taste like chocolate at all. It‚Äôs horrible. Any other brand will give u much better taste. Will never buy muscleblaze again.,One person found this helpful
59,Shiv shanakar yadav,Way sweet and didn‚Äôt find any result just wasted the money,1.0,7 November 2021,It‚Äôs just waste of money I took coz of advertisements but all these people makin us fool I‚Äôm regular consumer of Myprotein best in market I can say,One person found this helpful
60,Tusharsoni,"Amazing product, great taste and effective results",5.0,2 September 2021,"Its my 2nd time ordering this whey. It is really effective, the results are clear, the taste is great and over-all the product is worth the money",One person found this helpful
61,Jaydas patil,Bad,1.0,1 January 2022,"The media could not be loaded.
                



¬†Bad",2
62,Shashwat maurya,Worst product,1.0,22 June 2022,"Worst protein ,this didn't digest ,it has side effects.",One person found this helpful
63,B@n!t@,Product seal open,1.0,3 July 2022,Product seal opened,One person found this helpful
64,Amazon Customer,Taste is badddddd,2.0,6 April 2022,The taste is sooooooo bad don't buy this flavour,One person found this helpful
65,Sameer Kumar,Expire product,1.0,14 January 2022,I don't like,2
66,Aniket Deshmukh,Nice product,4.0,26 July 2022,Authentication of product Thank you,One person found this helpful
67,Harpreet,Quality is good but taste is average.,3.0,2 May 2021,Taste is not up to the mark.,2
68,SHASHANK KUMAR TYAGI,"Poor product, I am a professional body builder, I consumed it nd have had a very worst experience",1.0,29 April 2022,The media could not be loaded.,One person found this helpful
69,Atul soodan,Digestion issues,1.0,9 May 2022,You are going to get digestive issues after having this..,One person found this helpful
70,yashraj gade,Not good,1.0,13 August 2022,Not good,One person found this helpful
71,Satish Kumar Anishetty Gajula,Hii,1.0,20 July 2022,Different powder stasficaton flavor,One person found this helpful
72,AJAY D,Half box is it okay or not ?,4.0,29 June 2022,Recieved only half box...is it okay...?,One person found this helpful
73,anirudh,Selling more than the MRP.,5.0,14 December 2021,,2
74,Happy,Nice product.,4.0,10 February 2022,I use this as protein supplement to my diet.,One person found this helpful
75,Sadab,No,1.0,4 January 2022,Mujhe ye product nhi chahiye,One person found this helpful
76,Arif Mohd,Heavy stomach,2.0,29 October 2021,Heavy bloating.not recommendDon't ever take with milk.,One person found this helpful
77,Dibya,Delegate,5.0,3 June 2022,It's so much helpful for musclegain,One person found this helpful
78,Amit Kumar Goswami,Nice test.. and mixxed very well result is also good.,5.0,28 August 2021,"The media could not be loaded.
                



¬†Very good product",One person found this helpful
79,Rohan butola,It's a good product,4.0,18 February 2022,Good flavour good protein,One person found this helpful
80,shivam,Awesome taste,5.0,5 November 2021,Worth it,One person found this helpful
81,G.K.Khan,packaging & test,3.0,12 July 2021,value for money,One person found this helpful
82,Rajdip Das,Best protein ever,5.0,30 August 2021,Under this price range biozyme is the best,One person found this helpful
83,Rupam Girase,Fake product doesn‚Äôt test real and does not mix good with water,1.0,31 March 2022,,One person found this helpful
84,Deepak Sharma,An average protein just like others,4.0,25 May 2022,"Bought biozyme as my first product of muscleblaze and all I can say is its an average protein like 100 other brands nothing special or miraculous, felt stomach discomfort for initial first 3-4 days now it's normal , flavour is really very good and mixability too , taste much better in milk than water .",One person found this helpful
85,Akriti Srivastava,Protein is good but taste is bad,4.0,23 April 2021,"Good protein and tested as well but taste is pathetic as compared to other brands like AVVATAR, ON etc. If you don't mind taste then good.",2
86,suraj,STOMACH PAIN AND DIARHEAD AFTER TAKING FOR 3 DAYS,1.0,18 May 2022,"TOO MUCH STOMACH PAIN IN MIDDLE PORTION AND HAD DIARHEAD WASTED MY MONEY AND MY HEALTH, DONT GO FOR THIS PRODUCT",One person found this helpful
87,Ram Pravesh Kr Shaw,Trust Worthy product.,5.0,1 February 2022,I am consuming it from last 5 months.  It gets absorbed very quickly and improves stamina.It is very good and well tested product. I ordered chocolate flavors and tested good also.,One person found this helpful
88,Kush,All things are good but what is that?,5.0,12 April 2022,,4
89,ds. Venkanna. Eng,scoop on top was really amazing and this design made very easy,5.0,20 December 2021,This was my first order of MB and i was like wow..the build quality was too good and french vanilla flavour was mesmarizing the smell itself taking me to heaven.. and i have ordered from HEALTHKART app i suggest everyone to go with this app u will get original product,One person found this helpful
90,Jayant,Ok ok,5.0,4 November 2021,Okok,One person found this helpful
91,Rakesh Swain,First drink first impressions,5.0,9 September 2021,Update : After a 1.5 months of usage. Loving it. Does the job. Ordering it again. Though it has increased the price by 100 bucks. Inflation everywhere!______________________________________________Checked my orders. Had ordered ‚ÄãWhey Energy Choclate for the last 10 times. So thought for a change of flavor and some extra protein.Pros:1.  Mango flavour is not as good as the choclate I was used to but good enough when mixed with milk. May be I need to give it time.2. The biggest pro over whey energy choclate is the absorbency. Mixes so well with chilled milk with same amount of shaking. Didn't find a single lump.3. Extra protein per scoop. I drink half before and half after workout. Good energy during workout and good recovery post workout.4. Unique scoop mechanism.5. No bloating or indigestion of any sort even though some extra protein. I mix 1 scoop with 500ml of chilled milk.Cons :1. Nothing as of now except may be a bit pricey I guess.,
92,Misbah,Best ever protien,5.0,5 August 2021,I have used this protien since 10 days and I can say that it's good protien it's taste is awesome also it digests quickly I have used almost all imported brands but this one is nest level better than asitis better than bigmuscle better than imported brands go for it but price is little bit costly on whey protien and biozyme whey isolate is very costly than imported brands I will recommend U only Biozyme performance whey coz it's in budget range but if u want to buy biozyme whey protien and biozyme whey isolate then please don't buy these two because imported brand price and these two price are almost same go only for biozyme performance whey,
93,Monu Banerjee,The Best Whey For Indian,5.0,21 August 2021,"The media could not be loaded.
                



¬†I tried lots of variety in whey protein,but this protein is a one step upper then all other indian brand.I have been using MB Whey for a long time.And The result is great and if u use this whey or any MB product ,then u feel the rusult in one week.. and the best part of MuscleBlaze all information are clearly mention in product packaging..and one more best thing if you buy in amazon d'not worry about authentication bcoz MuscleBlaze all product are the sell form official MuscleBlaze company...just one suggestion for MuscleBlaze plz sand a gift as a shaker or t-shart...if you search any Indian brands so you go with MuscleBlaze..",
94,Nirav d.,Best flavour i have ever tested & tasted till date,5.0,28 May 2021,I have tried bunch of flavours but ordered this Mango flavour for the first time & believe me this is the best flavour i have ever tasted & just try with milk & you're gonna love it ...Just buy it,
95,Vinuth,Just go for a change,4.0,12 June 2021,"Generally for protein shakes, it's better to go with flavours that go well with milk. You can choose flavours like grape, strawberry and mango just for a change.But the problem is the flavour is too sweet and I felt like mango sugar taste and for slow absorption if you take it with milk then you have to consume within 5-7 mins as the milk breaks. Rest I find it good but I feel its contains some sugars (not mentioned on the container) as it's so sweet. In my opinion it's better to go with caffe mocca or chocolate if you don't mind the taste but if you want to try something new go for this. Btw it tastes so good with milk and when mixed with water it tastes like diluted copy products of maaza or fruity.",
96,Biswajoy Ghosh,Best tasting,5.0,22 May 2021,I bought the mango flavoured one. I have tried a number of whey protein supplements and a number of other flavours beside mango by MB itself. This one is by far the most natural tasting protein in my opinion. I mix a scoop with 200ml of chilled water and it tastes exactly like a pulpy mango drink. Will not change this flavour untill I am totally bored.,
97,Babu lal,Fantastic,5.0,21 April 2021,Fantastic taste and great results. It helps me alot during my competition sessions. I put up almost 6 pound lean muscle mass. Loved it,
98,Deepak Dahiya,"Totally waste.. stomach problem, health issue",1.0,18 June 2021,"It is totally waste product, creates stomach problem, anything you eat you just need to go for potty, harmful for digestion, i quit it just after 2 dose..even i had taken half scope first day and other half the next day, suddenly i stopped it because it is like a chemical. Don't use..waste of money.",
99,KG,If you want to empty your bowels then this can be a good laxative. Absolute GARBAGE.,1.0,12 July 2021,"Mango flavour is mind blowing. I bought 1kg Mango flavour for the taste but will buy 2kg one next time.Easy to digest.Update 1 : after 5+ scoops this protein feels lighter on stomach as compared with others.Update 2 : I had a diarrhoea after 10+ scoops. Not sure if this bio-enzyme cleans up stomach.Update 3: I'm not sure if this is the right product for me. My stomach gets upset for 1-2 days after having one scoop.Update 4: Everytime I have taken this protein, I had upset stomach or diarrhoea.If you want to empty your bowels then this can be a good laxative.Threw away this after trying several times.",
100,Prince jain,Know the things,5.0,15 July 2021,I‚Äôve taken hazelnut chocolate flavour so 1st thing for most whey proteins or any bodybuilding supplements are not for all in some body they can give side effects or in some they can give very good effects so stop saying that this protein is right this protein is fake etc things so just take the whey protein don‚Äôt complain that the flavour is good flavour is not good etc you need gains your not drinking or taking thing for taste,
101,AKHIL,Not good as expected,1.0,4 August 2021,"Packing was bad.... the taste of mango flavor is same like a cheap 10rupees softdrink... doesn't feels like a protein shake...even we put 200ml for one scoop feels very lite,  not getting thick taste...I have used MB whey protein before.. by comparing between both its not good....Just okay...not for serious gymholics....",
102,Pradip,This is good whey,4.0,11 December 2021,I have tried a number of different whey brands in the last 7 years. My go to brand was Nitrotech. This time I decided on Muscleblaze Biozyme since they claimed Labdoor certification. So I bought a 1kg to try. I am quite impressed with the product. The taste is good and over the last month or so I haven‚Äôt seen any weight gain though my muscle mass has improved. Of course no one should expect wonders from any whey protein. This is only a supplement. The main thing is exercise and good diet.,
103,Amazon Customer,It makes your stomach upset in just 3-4 days was not able to digest even water after consuming this,1.0,29 March 2022,"Really pathatic customer service no return option will work as they will consume your time with mails and then will deny to return. They say they are not accaountable for rashes , stomach aches and tastes.Don't get trapped I invested 8299/- and now stuck with this waste powder which is of no use to me as it's making my stomach aches",
104,Sai kumar Mopurisetti,Very bad,1.0,29 September 2021,"Headache, stomachache, bloating and lot of side effects on first day itself",
105,Rudranil G.,One of the best,5.0,18 July 2022,"After using it for 2 months I'm writing this review.It's one of the most recommended pdt in this category. And it shows. 1st the flavor is like chocolate Complan. A tip, if you mix it with more water (>the recommended amount) it tastes better. Also it tastes good with milk. Absorption was good too. I really saw muscle growth, that much I can vouch for. Take it post workout or daily basis for completing your protein needs. Never saw any problem with mixing or with digestion. Price is quite high though. So I'd not recommend this for students, but pros go for it.",
106,vaiyavi v,Product is not mixing properly and creating lumps.,1.0,2 May 2022,Product smells like a fermented liquid. I added 200ml cold water and one scoop of MB whey as per they instructed. Continuous and vigorous shaking also done. But lumps are formed and flavour also not good. I checked the authenticity of product but its verified one. Still not getting satisfaction from it. I dislike it,
107,Dinesh Vandra,Mixing,3.0,21 November 2021,"MuscleBlaze surely mixes some cheap quality protein in between or last on the top its the best quality proteinüíØüî• but i can feel the taste and after drinking there is some bubbles left in the shaker so its again a sign of mixing a cheap quality protein but those who cannot afford proteins like Optimum Nutrition, dynamite, gnc they can definitely go for it and i suggest you dont go for isolate its waste of money just by reducing 3-4g carbs how it will affect you for a lean gain but it cost 1000 rs more than this whey performance",
108,Amrit Pal Sandhu,Too much artificial Sugar and Flavour,2.0,23 June 2022,"Used it twice in a day. And I just can't understand why Indian brands use too much of Artificial Sweetner and Flavours....It tastes like you are having 4 tablespoons of Sugar in one drink, which also supress the choclate flavour.Digestion is good.After taste is awful.Packaging is good.Product is genuine no bloating and foul smell noticed.Will update the review after 15 days if use about results on body.Edit 1 (15 days of use)Visible growth in muscle and recovery. Lesser fatigue and higher stamina while exercise.Will not buy a flavored whey 8n future as it limits the options to miz it with juices or shakes. RAW whey gives you more freedom over options to use with other drinks.",
109,Raj,Geniune  product,5.0,20 September 2021,Muscleblaze besest product no doubt i got the original product thanks for that i m looking forward to buy one more.. i ll give 5 out of 5 in taste‚Ä¶ 5/5 in mixabiliyy‚Ä¶5/5 in digestion‚Ä¶you will not feel much change in one jar but yeah yeah it complete your 20% protein in your diet üòã,
110,Mahi,Overall good product!,5.0,2 December 2021,So i am a normal person like you if you read this comment you will know all about the product so here is my poin of view i get this product in 2199 which is quite high price but the product worth it i have 60kg weight and i am 16 years old i order this becaouse i have regularly going to the gym there is no problem in absorption at all which i see in the comments so i will share my result after finishing it!,
111,ìÜ©HimanshuìÜ™,ITS GENUINE PRODUCT ‚ù§Ô∏è,5.0,20 January 2022,"Make sure before purchasing check who's the seller if it's MuscleBlaze then it will be 100% genuin product!  I choose this protein coz it's trurly Accurate with its content and before i have tried MB Fuel One Whey ( Chocolate ) it's better in taste as compared to Biozyme , And about results Yes FuelOne was good and satisfying Now I'll be trying Biozyme",
112,Smitking,One of the best protein powder out there,4.0,7 January 2022,I am always on the hunt to try out the best protein powders in the market. I read some MuscleBlaze biozyme whey protein reviews online and gave it a try and there I am myself writing another one. The Product is fantastic with no bloating issues which i was facing with many protein powders. This is a must-have protein powder in your diet.,
113,Ankur,Not any review is perfect it is a perception game,4.0,7 August 2022,Packing is so good but more important if some money saved from packing  and give it at  cheap to customer mixability great but not shown effect like on suppliment consumed one.month daily 1scoop .,
114,Mansi choudhary,Best recovery package for my sports,5.0,24 May 2022,"The media could not be loaded.
                



¬†MB biozyme has proved me best by fast recovery in my intense workout sessions m. Moreover, it‚Äôs availability in small size helps me to take it to my competitions . I love it‚Äôs rich chocolate flavour but you must try kesari thandayi flavour too. Thanks to my gym buddy for recommending it.",
115,Emmanuel W.,Price hike,3.0,14 July 2022,"The Muscle Blaze company seems to have excessively greedy, every now and then, increaseing the prices. I fear lest it should cause its fall and people go for an alternative since it is overrated also.",
116,Amarnath,It's an effective product.,4.0,18 August 2021,MB Biozyme whey performance  is really a good product. It has a faster absorption rate in comparison to its previous products. The flavor of this product is quite good but it may not be good for everyone but can be bearable.  Yes it's value for money but it's should be less priced so that poor people also avail its benefits.,
117,yugavaanraj,Worst product,1.0,2 September 2021,"Muscleblaze creating only hype to customers product was really worst, After consuming I will get bloating and flavour also to bad I tried lot's of product this whey protein was useless now a days muscleblaze product was worst",
118,Amazon Customer,Note the high amount of cadmium,1.0,27 January 2022,"Their lab report mentions half the daily dose of cadmium in one scoop, so make sure to keep that in mind when taking this shake. I personally only took a few scoops I had 0 side-effects but probably best if avoided especially if you have a diet which already has some cadmium.",
119,DushyantSingh,Amazing mixability with great taste and packaging.,5.0,18 September 2021,"I've been using muscleblaze from past 3 months and my experience is truly amazing, the taste is great it's affordable as well in this price range it's one of the best whey protein available along with the promising brand name of muscleblaze gives it even more and the bioenzyme certificate assures that also you can check the code and product by freshness seal.  Go for it it's amazing.",
120,Dipanshu,There is no seal or code to determine the orignality of product .,1.0,5 April 2022,"The media could not be loaded.
                



¬†I cannot use the product because the seal was not present and the code given by the compaby is not there",
121,Aditya,Works great,5.0,7 June 2021,"It's good Absorption, I bought Mango flavor and it's tasty, feels good in Tummy, no bloating issue with Biozyme as it happen before with MB other products and other brands protein, I would recommend this.",
122,Akshay G.,excellent product,5.0,6 April 2022,i bought vanilla ice cream flavour and it was really nice also creatine helped me a lot for lifting heavy‚Ä¶before creatine 60 kgs was my squat and now it has increased to 100 kgs‚Ä¶awesome results,
123,sandeepbhajan,Worst Protein,1.0,12 May 2022,I use As it is protein and ON whey Protein they are very good but this Muscles Blaze protein is the worst it‚Äôs gives me stomach aches,
124,Lekhi Singh,Excellent product,5.0,9 February 2022,Very good product. Amazing taste. Mixability is also good plus good for digestion as it says.Gives a good amount of protein per scoop and most of people face problem of scoop getting inside the powder. Here Mb has innovative way to put a special spot on the top so that the scoop stays above the powder and its easy for you to use.,
125,Tanmay J.,Gonna buy it again ! However low mixability,4.0,25 July 2022,"1)The Protein tastes slightly salty2) Mixability is not so good. ,I have to use blender3) can be more rich chocolate üç´4) Protien quality is good5) Mera wala Informed Sports , or Labdoor certified he US or UK se , or kya chaiye !!",
126,Keerthi josh,Great product for beginners,5.0,29 July 2022,"Easy digestion and effective in long term , recommend it to all . Buy 500g and check if you have intolerant to whey if the answer is no then go all out and buy the flavours you wanna try , trust me you won‚Äôt regret it ..I use after workout session and it‚Äôs working out for me",
127,Rajkumar meher,Test is vry delicious,5.0,26 April 2021,It's was really amazing fantastic  I love it test was great testing plz guy's use & review this product details,
128,S,Good protein powder,4.0,13 August 2021,This protein powder is quite good + u get labdoor quality certification.Mix ability is goodTaste is okNo bolting issue do farGot 3 MUSCLEBLAZE BCAA PRO pack free with this ‚Ä¶but believe me this taste like ass üòñ to me,
129,Alpha,Caused abdominal issues,1.0,30 April 2022,Caused abdominal issues after consumption. It may not suit everyone. Thanks to Amazon for a hassle free return and their service - Customer centric!PS: I am not a beginner.,
130,Anuj,worth the money,5.0,20 August 2021,"the product is overall very good and the taste is on point I loved the taste very much the scoop on the top thing is very sick hahaha. Its the small things that matter, the powder gets mixed with water very easy and didn't feel any bloating after drinking it like other protein in the end totally worth it and bang for buck good for beginners too",
131,Viktor,Genuinely easy to digest,5.0,16 July 2022,This actually was really easy to digest compared to other wheys. I did have a slughtly stronger pump with On but this also has a decent amount of protein minus the isolate.,
132,shreshtha sudan,HORRIBLE TASTE,3.0,16 September 2021,"I don't know if all flavoured wheys taste like this but It's so painful for me drink this everyday I'm sorry. Rich chocolate doesn't taste like chocolate at all, It feels way too sweet and nothing else. I'll stick with my raw whey from next time, Atleast it has flexibility to try different things with it",
133,Umang Uniya,Ok ok flavour,4.0,10 June 2022,I generally buy MB supplement from long back. I hear about this kesar thandai flavour is very delicious but it's not met the expectations. All other things are fine. I recommend to go with chocolates or cookies and cream flavour.,
134,Rahul,Doubt whether its fake,1.0,29 June 2022,I doubt whether the product is fake or not. As i can feel fine particles while mixing and drinking with water. I had used whey earlier and it should be creamy,
135,Amazon Customer,Pathetic quality whey,2.0,21 June 2022,This is a very cheap quality whey..... Go for the expensive one rather than saving 500-1000rs.....you will regret it later......... Vanilla falvour is absolutely disaster......... I had stomach ache after I consumed this nd yesterday I threw up in my bathroom after consuming this..... Really awful experience would never recommend to someone,
136,Anshuman,Best protein,5.0,18 May 2022,"Protein quality is good, Taste is also awesome, Best protein for beginners ,üí™Meine eska lab test be kraya tha uske per scope 25g protien nekla genuine productThanke muscle blaze for this product in under budget",
137,Amazon Customer,Milk powder,2.0,17 March 2022,‡§ï‡•Å‡§õ ‡§ñ‡§æ‡§∏ ‡§®‡§π‡•Ä ‡§π‡•à ‡§∞‡§ø‡§ú‡§≤‡•ç‡§ü ‡§≠‡•Ä ‡§á‡§§‡§®‡§æ ‡§Ö‡§ö‡•ç‡§õ‡§æ ‡§®‡§π‡•Ä ‡§π‡•à ‡§Æ‡§∏‡§≤‡•ç‡§∏ ‡§™‡§Ç‡§™ ‡§®‡§π‡•Ä ‡§π‡•Å‡§è ‡§è‡§ï ‡§Æ‡§æ‡§π ‡§à‡§∏‡•ç‡§§‡•á‡§Æ‡§æ‡§≤ ‡§ï‡§∞‡§®‡•á ‡§ï‡•á ‡§¨‡§æ‡§¶,
138,Nitin Sheth,"Too Sweet,",3.0,1 August 2022,"one should never go for Vanilla flavour. Unique arrangement is made to hold the spoon. However don‚Äôt see really any utility, in fact it is problematic",
139,AVIRAL aggarwal,overall good protein powder with great taste,4.0,12 May 2022,"The media could not be loaded.
                



¬†protein digest easily due to digestive enzymes in it and its mango flavour really tastes good",
140,Piyush Chauhan,"Great authentic product, does what it claims to do",4.0,11 August 2021,"The product is pretty good, the one I recieved was a genuine unit as you can verify its authenticity. It feels alright to drink nothing special, but personally for me it has not caused any bloating or other problems till now. One complaint, the chocolate flavour doesn't taste as good as other brands', it's not enjoyable to drink but it's good enough to atleast be tolerable.",
141,Rishikesh N.,"Got genuine product, tastes good",5.0,3 July 2022,"The media could not be loaded.
                



¬†Good packaging, well thought through scoop holder, tastes great, feels good after a good pump",
142,Sumit,Don‚Äôt think on customers bad review,5.0,2 August 2022,"Hello im allergic to some whey protein isolate and some concentrate, but this biozyme is absolutely suits me, im using this about 10 days there is no reaction, i will surely upload how much this is effective on muscle growth in next box of whey.. as of now this is great to buyGreat mixability, flavour on high end bhailog.",
143,SAJID,This is the best product i have used so far.,5.0,7 January 2022,"The flavour is amazing, you can drink it very easily. It suits really well with my body no issues of digestion or anything. I would say it's the best protein powder i have used so far.",
144,Prakash soren,value for money ‚ù§Ô∏è‚ù§Ô∏è,5.0,18 August 2021,I have used many brands of protein shakes in last two years and currently I am using Muscelblaze protein shakes. It was suggested by one of my friends and it is the best protein shakes I have used till now. It helped me in gaining muscles and stamina. They sell it directly so it is always authentic and price they offer is worth every penny for the quality they offer,
145,Jaggy,Worst whey ever,1.0,17 August 2022,Very bad bitter taste first week of use i only got diahrrea and 2nd week started with vomitting after consumption of this kindly dont buy the mango flavour thanks,
146,manish,A Complete protein,5.0,24 March 2022,"If you are looking for a protien supplement for your diet, this one is a great product. It has a good taste, not too sweet. It mixes easily as compared to other brands and other products of muscle blaze. Doesnt result in bloating and any kind of stomach issues. go ahead with this.",
147,Amazon Customer,Easy afterfeeling,5.0,22 March 2022,"I have slightly weak liver, still I found it easily digestible. It has some laxative effect as well...This is my experience of three days, took 1/2 serving perday. I am a beginner and exercising at home.Taste is pleasant. Not too chocolaty and not too sweet. No medicinal taste as well.",
148,Minhaj Sadaf,Superb,5.0,22 July 2021,"Really good product, verified and authenticated with Muscleblaze. Good for muscle building as well.",
149,kamini Ghai,Not recommended,2.0,10 August 2022,Digestion problem.. Whenever I consume this my stomach get upset and full day I feel bloatingness..feel like puking full day . I used other brand which is far better than this in same price..,
150,Harsh Gupta,Flavor and the packaging is best.,5.0,23 January 2022,Muscleblaze biozyme is easily mixed in the water. We get a great protein shake in just less than 30 seconds. And the good this is that the chocolate flavor is very nice. And the best thing of this brand is it's authentication system.,
151,regrtnothng,it's A+ rated...,5.0,14 April 2022,"if something has been certified for quality, do you still need to think twice before buying?. A+ rated on labdoor, it was surprising, indian brand doing that well, muscleblaze way to go. üëç",
152,yash sharma,Worst product by MB I have ever used.,1.0,8 May 2022,I personally request you first take 1-2 kg sample then go for 4kg. My experience has been the worst with this.It makes milk very thick then you can't even drink that milk.Flavour is moderate.,
153,Dr Avneesh Kumar,Too much sweet,3.0,2 April 2022,It's like having sugar spoon. Taste is good.,
154,Aniket K,Worth buying üëå & Amazing results,5.0,7 October 2021,"A big Thank you to Muscleblaze for the amazing product. Super effective, unmatched taste and results. Would definitely recommend this to people who are looking for a effective results.Highlight: the magical mango flavor is by far the best and superb tasting supplement I ever tasted.... kudos to Muscleblaze and team.",
155,pargat,Jus odered 1st Time,5.0,9 July 2022,"The media could not be loaded.
                



¬†I ordered 1st tym, abhi order aya hai 4 day m order aa jata hai.Product look like proAbhi half scoop piya mene taste boht bdia haiProtein ke dhakan se pehle hi khushboo ane lgti haiAbhi puri quality10-15 din main pta chlegi",
156,Uday Yadav,Overall the Product was good !,5.0,17 August 2021,"The Product is too good, yes! it meets my expectations. and I also received a muscle herb capsule sample pack, but I was expecting to get a Bcaa sample but overall the product was good and the taste was like an chocolate shake which we order from a reputed cafe",
157,Ajit jadhav,Puchase another flavor than chocolate Hazelnut please,3.0,22 October 2021,"Please stop this Chocolate hazelnut flavor it feels like womating.Please go for Mango and other flavor,I was wrong I would buy mango flavor but I buyied hazelnut flavor.It is superb I loved this Mb biozyme performance whey protein but taste I am feeling like womating.Value of money go for it but don't go for hazelnut flavor.",
158,ayan p.,THANK YOU MUSCLEBLAZE AND AMAZON.,5.0,14 July 2021,"thank you i got 3 stick BCAA with bio-enzyme. thank you amazon for fast delivery.whey protein test and mixable is very good.MB BCAA - test, texture, smell, very good....",
159,Amazon Customer,Liked it overall,4.0,19 May 2022,"I personally trust this brand and have been using in past as well, so definitely they have improved alot and best in Indian market I can say, comparing with the other products which I've used till now.",
160,hemakumaran,TOO SWEET,3.0,24 June 2022,"It mixes well,absorbs well..no bloating and stuff...but the flavour is too sweet.didnt expect chocolate to be this sweet",
161,shiva s,Do not go for hazelnut flavour,2.0,14 May 2022,2 stars cuz of the bad flavour,
162,Shaikh Nawaz,HIGHLY RECOMMENDED,5.0,11 July 2022,"Trust me guys i have used many proteins but this one is just amazing,now i have been stick to MB biozyme.....Go for mango flavour it taste way good then chocolate ‚ù§Ô∏è",
163,Jadeja brijrajsinh,Best fruity flavour ever,4.0,21 February 2022,If you want to buy fruity flavour you should buy mango flavour definitely and never ever buy vanilla flavour it just tastes like medicine,
164,Ashish,Very bad taste,1.0,5 September 2021,Cho folate flavour doesn‚Äôt taste like chocolate at all. It‚Äôs horrible. Any other brand will give u much better taste. Will never buy muscleblaze again.,
165,Shiv shanakar yadav,Way sweet and didn‚Äôt find any result just wasted the money,1.0,7 November 2021,It‚Äôs just waste of money I took coz of advertisements but all these people makin us fool I‚Äôm regular consumer of Myprotein best in market I can say,
166,Music s.,Very good protein,5.0,29 August 2021,This is one of the best tasting protein powder I've ever tasted.I bought the chocolate flavor and it tastes phenomenal.It absorbs very quickly in water/milk as well.Highly recommend this product,
167,vikram,off season mango shake,5.0,30 September 2021,"tasty flavour, feels like drinking mango shake. but have it instantly, if you will prepare it to drink it later the flavour chances to sour instead of sweet, may be because of its artificial flavouring. the rest its perfect, no bloating. good recovery.",
168,Biswajit Sarmah,Great product highly recommended,5.0,15 July 2021,Good and genuine product flavour is nice and can feel the absorption from the first day..,
169,DEBOPAM RATH,Better quality product with much better absorption.,5.0,23 August 2021,"The media could not be loaded.
                



¬†Its a labdoor test product which gave us a assurance and trust to use it. The nutrition value are upto the mark and absorption quality of the Biozyme Whey Performance is much better than the others in comparison.",
170,Trinath,Superb Flavour,5.0,15 June 2021,"The best I have hadI have tried GNC vanila, MB chocolate but this Flavour is tooooo good .....",
171,Ranjeet Kumar,Bekar h,1.0,5 December 2021,"Kuch fayda nhi hua 4000 rupaye wasteDon't buy it just a waste of moneyBekar h chutiya bnate hPoora dabba khali hone wala h but jesa tha abhi tak vesa hi huDon't buy it, just waste of money and time",
172,Suraj,Shandaar,5.0,3 May 2022,"Ek no protein. Shaandar, Jabardast, Jindabad",
173,Tusharsoni,"Amazing product, great taste and effective results",5.0,2 September 2021,"Its my 2nd time ordering this whey. It is really effective, the results are clear, the taste is great and over-all the product is worth the money",
174,Niraj Gajjar,Good product,5.0,31 July 2021,"Good product. Good flavours, tried chocolate and magical mango flavors. Ordered 3rd time and will go for regular purchase in future.",
175,Jaydas patil,Bad,1.0,1 January 2022,"The media could not be loaded.
                



¬†Bad",
176,Baldev S.,Best,5.0,14 September 2021,Best in this price range..good absorbency and no bloating!..i have a very sensitive stomach and most of the brands i had used do bloat my tummy up but mb does it right..the enzymes work..best value,
177,Vinayak rana,This product is worth the price,5.0,12 August 2022,This whey protein is overall a very good product in this price range. This chocolate flavour is really good and I don't even feel any indigestion during regular consumption.,
178,Mudit Ranjan,"Nice product, I got the genuine one.",5.0,21 June 2021,"Nice product, I got the genuine one. You can scan the QR code on the box for authentication and then open its seal. Would be Better. Overall it's good , anyone can have whey protein, it's just a by product of paneer extract water.",
179,Rohan,Great taste,5.0,22 December 2021,Good to see MB is exploring interesting flavours,
180,Dr SANDESH YADAV,Good quality supplement in a reasonable price.,5.0,23 July 2021,Great option for those who cannot afford 3kg/5kg bucket of supplement.,
181,Shantanu Sood,Good product for a good price!,5.0,2 February 2022,"Does the job as it's supposed and for a very competitive price, definitely recommend!",
182,Akshay Jaiswal,Good,5.0,12 August 2022,Good,
183,Ketan Sharma,Ketan sharma,5.0,30 April 2022,Amazing product it help me in recovery and it tasted  good chocolate flavoud  is nice,
184,Prithveer,Chalky and synthetic,2.0,29 April 2022,Won‚Äôt buy again.,
185,Ganpatraj,Super protein powder üí™,5.0,14 March 2022,Very nice product and super protein powder üëåüí™ MuscleBlaze Thank you üëçüëç,
186,Ananthakrishnan,New journey with Muscle Blaze,5.0,12 July 2021,Genuine product.. Price is comparatively cheap than mb website... Thank you,
187,ashutosh,Love the flavour,5.0,6 February 2022,"I have order muscle blaze biozime whey really love the flavour, packaging and authentication looking forward to purchase more of that item",
188,Rudratej Tiwari,Best Budget Protein in Indian Market,5.0,8 May 2022,I wish I could give 10 out of 5 in Flavour for this protein.,
189,Pratik pillewan,What is this behaviour mb ?,5.0,26 July 2022,This is sad,
190,MukulüíñNikita,Best Quality in reasonable price.,5.0,5 September 2021,"Its the best protein supplement i have ever used, best in taste, best in quality, i have seen good results after using this.",
191,amit,Non digestible  makes stomach upset,1.0,31 December 2021,Upset stomach,
192,Pritam Laishram,No doubt hurry to buyüôÉ,5.0,15 November 2021,I have been using mb brand product but biozyme is unique in flavour and performence,
193,Virendra Kumar,"Original, taste's amazing",5.0,13 July 2022,I was concerned about the quality of the product but it was original from muscle blaze I am using it for 2-3 days and it's quite promising,
194,Ranajit Mondal,I Like it,5.0,20 August 2021,Realy good quality. Great performance.,
195,Kumar,Best for Beginners,5.0,5 July 2022,The perfect product to maintain protein,
196,Atul,Great Taste...,5.0,8 July 2021,Magical Mango tastes like mango shake. Love the taste . Will definitely order again.About result... Will update in a few weeks.Price should be around 1800.,
197,Varadath,Easily dissolving texture ‚ù§Ô∏è,5.0,22 May 2022,The absorbency is a great factor and as it have excellent ratio of protein to bcca it‚Äôs very good for beginners,
198,#HonestCustomer,Breach,1.0,6 February 2022,Breached item.,
199,Davender,Seen this kind of best in package,4.0,30 April 2022,,
200,Cheenal goyal,Perfect for beginners,5.0,18 February 2022,It tastes like heaven.. Helps with smooth digestion.. it‚Äôs excellent for beginners. Do try.,
201,Siddhant,Works like a miracle.,5.0,20 March 2022,A friend suggested,
202,Shibesh m.,"Smells good, feels good",5.0,10 August 2022,,
203,mohd zaffaryab hyder,It's mixability is poor and the flavour is not bad that's it..!,2.0,8 December 2021,The flavour is normal but taste as normal chocolate and the mixability if the power is poor u need toh shake more it is mixed..! Buy if u don't have money for good isolate,
204,Shashwat maurya,Worst product,1.0,22 June 2022,"Worst protein ,this didn't digest ,it has side effects.",
205,Suraj Kumar Prasad,Authentic Product,4.0,29 August 2021,This is the first time I took protien powder. Go for it. All take this post workout üí™ and with chilled water.,
206,shashank,Superb product..Love the taste,5.0,5 February 2022,Excellent product. Excellent taste. Recommended for beginners,
207,Anoop Nair,Great Flavour!,5.0,14 September 2021,The flavour is very good. It dissolves quickly in water. Easy to make and no digestive distress.,
208,Manik Verma,Great product,5.0,17 May 2022,Wonderful absorption üëç,
209,Sankalp,Nice product,5.0,7 February 2022,The protein is nice and tasty its a good product for beginner‚Äôs and it is also affordable packing is good and arrangements are also good,
210,Shadab Gour,Quality protein,5.0,1 August 2022,Loved it,
211,Aashish,Value for money,3.0,26 October 2021,Value for money,
212,Aniket Deshmukh,Nice product,4.0,26 July 2022,Authentication of product Thank you,
213,Harpreet,Quality is good but taste is average.,3.0,2 May 2021,Taste is not up to the mark.,
214,Praveen Kumar mishra,Good quality,4.0,13 April 2022,Good product,
215,SHASHANK KUMAR TYAGI,"Poor product, I am a professional body builder, I consumed it nd have had a very worst experience",1.0,29 April 2022,The media could not be loaded.,
216,Atul soodan,Digestion issues,1.0,9 May 2022,You are going to get digestive issues after having this..,
217,yashraj gade,Not good,1.0,13 August 2022,Not good,
218,Jeetu rajawat,Good product try once,5.0,10 November 2021,Good product,
219,Mohammad Serajul,Better than other.....,5.0,9 February 2022,I like this product as its mixability and absorbtion rate is better than other whey which I used earlier. I feels the difference ....Taste is ok,
220,Satish Kumar Anishetty Gajula,Hii,1.0,20 July 2022,Different powder stasficaton flavor,
221,AJAY D,Half box is it okay or not ?,4.0,29 June 2022,Recieved only half box...is it okay...?,
222,BHAWANA,Value for money,5.0,24 August 2021,Good product and great in both taste as well as absorption .,
223,Govind Singh,AWESOME PRODUCT,5.0,13 October 2021,‡§Æ‡•à‡§Ç ‡§™‡§ø‡§õ‡§≤‡•á 2 ‡§Æ‡§π‡•Ä‡§®‡•ã‡§Ç ‡§∏‡•á ‡§á‡§∏‡§ï‡§æ ‡§∏‡•á‡§µ‡§® ‡§ï‡§∞ ‡§∞‡§π‡§æ ‡§π‡•Ç‡§Ç‡•§‡§î‡§∞ ‡§ï‡§Æ‡§æ‡§≤ ‡§ï‡•á ‡§™‡§∞‡§ø‡§£‡§æ‡§Æ ‡§Æ‡§ø‡§≤‡•á ‡§Æ‡•Å‡§ù‡•á‡•§,
224,Dorjay Gonpa,Great taste love it thanks to this product MB,5.0,21 January 2022,Love it thanks to Amazonüòçüòçüòçüëç,
225,Chandra Shekar katrothu,No Muscle growth improvement,2.0,14 November 2021,"Flavour is good but there is not effective in muscle growth, having regularly but there was no result",
226,TVNP,Good quality,5.0,11 July 2021,Recommended,
227,Sambartak Ghosh,The ultimatum,5.0,2 June 2022,One of the best whey biozyme protein which I Ever had....Thanks Muscleblaze,
228,dolly,Great,5.0,25 January 2022,Excellent product with delicious flavour....it gives lota of energy in morning n evening....it's mango flavour is so yummy,
229,anirudh,Selling more than the MRP.,5.0,14 December 2021,,
230,Saurabh porwal,West of money,1.0,9 November 2021,"These supplements are very useless products, there is not even a slight improvement in them. Waste of money",
231,pratik,Value for money product.. Worth buying it.,5.0,15 September 2021,Suitable for my body type.No bloating.Good absorbing.Good Mixability.Good taste.Worth buying and budget friendly product.,
232,Happy,Nice product.,4.0,10 February 2022,I use this as protein supplement to my diet.,
233,Sadab,No,1.0,4 January 2022,Mujhe ye product nhi chahiye,
234,Ansh,Very good product,5.0,3 February 2022,I was taking this whey protein from last 4 months and i love the results,
235,Supriya  Biswas,Don‚Äôt buy this!!!!,1.0,29 November 2021,Taste so artificial and bad I can‚Äôt describe whereas if u compare protein per gram it costs similar to ON. Will never buy this product again.,
236,Pavan M.,Product is good but it's too sweet,4.0,3 August 2022,It tastes good but company should reduce the concentration of artificial sweetners.,
237,Arif Mohd,Heavy stomach,2.0,29 October 2021,Heavy bloating.not recommendDon't ever take with milk.,
238,Mahendra Verma,Good but high price,4.0,10 July 2022,Price is so high,
239,Dibya,Delegate,5.0,3 June 2022,It's so much helpful for musclegain,
240,gowtham,Genuine,5.0,25 June 2021,Product is good,
241,M G,"It's taste, quality and water solubility good but it's overpriced.",4.0,20 September 2021,"It's taste, quality and water solubility good but it's overpriced.",
242,PA,Easily digestible and great taste!,5.0,3 August 2022,Easily digestible and great taste!,
243,Ajith Varghese,Good,4.0,16 November 2021,"It was a good product with good taste and absorbing. No after taste, no bloating for me‚Ä¶ but price is on the high side‚Ä¶",
244,Jaya Shree,Too much sugary,3.0,25 April 2022,When I first time tried this it felt like I was having sugar shake means it was filled with so much sugar üòñ,
245,Sparsh,Worth to buy,4.0,26 February 2022,"Package goodOriginal packTaste b thik h , par scitron ka raw better hMixability good",
246,Vignesh,Go for it,5.0,1 January 2022,"After using this product for 3 months, I completed 2 boxes and I can see a lot of muscle improvement.",
247,Hrishikesh,Would 100% recommend,5.0,27 June 2021,Loved the flavour and the quality of the product!!!,
248,Hemalatha,Value for money,5.0,6 September 2021,Value for money üëå,
249,Mr.SB14,Superb üëåüíØ,5.0,14 December 2021,Very very excellent product guys .test is other compare products very good. my experience this buying products result very good,
250,MD ASIF,Just go for it,5.0,11 January 2022,"The flavor is on the top,absorbency is also but it expensive compared to other",
251,Amazon Customer,Mango flavour amazing try this.,5.0,21 June 2022,Mango flavour amazing try this.,
252,Akash dilip sonwane,Best Whey After ON Buy IT,5.0,15 September 2021,It a good Product But Only whey can not help you to gain muscle you must focus on Diet,
253,Bharat Jagtap,This product really works.,4.0,29 December 2021,"Results can be seen within 1 month of consuming this. It really works, great.",
254,laraib ansari,Awesome product,5.0,27 January 2022,Amazing productBiozyme saves from bloating that the main reason why I'm using this product,
255,G.K.Khan,packaging & test,3.0,12 July 2021,value for money,
256,Ankit Natekar,Great product,5.0,17 August 2022,"Great taste, solubility and packaging. Best of all, it gives you results.",
257,Mousumi Bhattacharya,Best products,5.0,23 March 2022,This is Best protein powder and flavor is awesome,
258,Amazon Customer,Waste of money,1.0,13 October 2021,Too sweet. Didn't even drink. becomes thick after mixing,
259,Aditya,10/10,5.0,19 May 2022,10/10 go for it ... packing flavour all are great üòÉüëç,
260,saurabh,Good mango flavour,5.0,6 August 2021,"Really like the mango flavour and dissolve well in water, its only a week, lets see for result.",
261,arvind shrivastav,Good,5.0,12 August 2022,"The media could not be loaded.
                



¬†Yes",
262,manish v.,Worst taste,3.0,30 January 2022,Taste is very bad.Fells like u r drinking some kind of medicine,
263,Amazon Customer,Doesn‚Äôt mix with milk,1.0,20 June 2022,It doesn‚Äôt mix with milk.,
264,vivek,Protein,5.0,19 February 2022,Great product,
265,Prashant(baby panda),Good product,4.0,15 January 2022,Nice product and good absorption,
266,moksha,Taste is very bad,1.0,19 August 2022,"It tastes very bad, can't even drink a serving properly",
267,Yash Narkhede,Tastes like Heaven. Mango Flavour,5.0,8 August 2021,"Bought the mango flavoured , Taste is really good plus the bio availability of the product is also very good.",
268,Harsh Nagar,Bad flavour,3.0,28 May 2021,They should add different ü•≠ flavour,
269,JAYESH P.,One of the Best flavor and superb digestibility,5.0,11 April 2022,Excellent chocolate flavor with no digestive issues,
270,Mahendra S.,Nice product amazing tasteüòç,5.0,29 August 2021,Amazing tatse go for it Value for moneyü§©üëç,
271,Kathir,WORTHFUL FOR THE MONEY üí∞,5.0,29 December 2021,TASTES AMAZINGMUSCLEBLAZE ALWAYS GIVES QUALITY PRODUCT FOR THE PRICE,
272,Adv.Asim Tamboli,Genuine Product,5.0,14 February 2022,"Very Happy, received genuine product...!!!",
273,Shivam,Excellent solubility in water,5.0,3 April 2022,"Excellent taste, solubility and digestion",
274,Bharat kansal,Best protein I have ever used,5.0,10 September 2021,Taste is awesomeMixibility is awesomeBest protein I have ever used,
275,Naina arora,Doesn't tastes good,1.0,12 January 2022,Doesn't tastes good,
276,Mahesh Agarwal,Its good in taste and texture and really effective,4.0,12 February 2022,Tasted very good and was effecting in making me healthier and stronger üí™,
277,Amit bhayani,Superb.....,5.0,8 August 2021,Flavor of chocolate is very tasteee.i feel light in stomach after i took it.no digestion problems.,
278,Sushil Rankawat,Smell,1.0,27 December 2021,Dont buy this product bcoz i recive and taste this but i found in smell this proteinüòå,
279,Chaitanya Mehta/ Manila Mehta,Good enough,4.0,11 February 2022,Good product.,
280,Rajesh,Great product different packing amazing,5.0,5 July 2021,"Packing amazing scoop on the top very good, MB BIOZYME WHY PROTINE is great.",
281,Seema rana,Yes it is good taste and value of money,5.0,16 February 2022,Ys I like this product,
282,Sharanjeet,Save product üí™üí™,4.0,21 April 2022,Good product üëç,
283,Praveen patel,Good product,5.0,25 June 2021,Very good product value for money,
284,viddin,Good product,5.0,12 March 2022,Good product,
285,Arijit Misra,Best for my family...,5.0,5 January 2022,This is the best protein supplement for my family,
286,Vijay Jain,best protein ever..üòçüòçüëå,5.0,18 May 2022,Best Flavour Best Protein,
287,MANJEET KUMAR GUPTA,Too Sweet,3.0,14 August 2022,Too Sweet,
288,Mrs. L.,It's nice,4.0,15 March 2022,Tastes like coconut.  Nice product.  Good taste.,
289,Akansha Rai,Best product,4.0,20 August 2021,This product is amazing I like the flavor and absorbency is great,
290,Laxmi chourasia,Costly,1.0,22 September 2021,Not for value of money. Very costly product,
291,Harsh Rajawat,"Good, effective and affordable product.....",5.0,18 July 2021,Seeing results and  changes in me in one month of using this product,
292,Sanil,Good product,5.0,2 July 2022,Guinuie product,
293,Shubham tripathi,Good one,5.0,22 December 2021,Useful at low price,
294,Santosh moirangthem,Good protein,5.0,18 July 2021,Smooth flavourful tasty and it directly hit upon muscle good protein,
295,ajay,not justify the price,1.0,14 December 2021,"has medicine like smell ,bad mixibility and tast",
296,Jaya dey,I see so many add but blv me its one of the best protin,5.0,12 February 2022,I see so many add but blv me its one of the best protin,
297,Michael rockon,Superb product,5.0,18 July 2022,I like it this product in 1 year's,
298,sandeep,Good,4.0,4 May 2021,Nice product,
299,Amazon Customer,Great taste,5.0,8 August 2021,It's a really good product with good absorption rate and a great taste.,
300,chander pal,very good product,5.0,10 July 2022,very good product for daily need.,
301,Yogesh buchale,I have surprise to see,5.0,7 January 2022,The media could not be loaded.,
302,Shahid Parvez,Its helpfull guys... Go for it,5.0,6 July 2021,We like the product and we bought it for health fitness,
303,Kunal,Original product,5.0,21 July 2021,Good quality and tasteThanks Amazon for genuine product,
304,Akshay j.,Mixibility is gud,4.0,2 July 2022,Nice product,
305,Amazon Customer,Utha lo...shi hai..,5.0,29 June 2022,Utha lo...shi hai..,
306,Nikhil Mulchandani,Very sweet in taste,1.0,13 December 2021,"It‚Äôs very sweet in taste,Not worth 2300",
307,om Prakash salvi,Amazing,5.0,25 August 2021,Amazing Product,
308,Anuj Kumar,Thank you Amazon,5.0,30 July 2022,Very good product,
309,Anirban D.,Marvelous product for Indians fitness lovers,5.0,17 August 2021,I like this product for labdoor certification and genuineness,
310,Suraj Dhari,Awesome Product,5.0,17 June 2022,Awesome Products,
311,Shubhiam,My first mb,3.0,19 March 2022,Before 2 month...endüòï,
312,Radhesyam yadav,Very lovely üòç,5.0,27 May 2022,Very nice üëåüòçü•∞,
313,Rohit Soni,Nice product good packaging,4.0,19 August 2021,Nice flavour good absorbency value for money,
314,Anil Kumar paikra,Bahut hi effective hai ‚ù§Ô∏è‚ù§Ô∏è,4.0,9 March 2022,Bahut hi majedar test hai,
315,ashutosh gaur,Taste is not good not look like a chocolate flavour.,4.0,11 June 2022,,
316,Soumik ghosh,"It's a awsome product. Use it, it will give benifits.üëå",5.0,13 August 2021,The media could not be loaded.,
317,Paaras a.,Ive seen amazing results after i switched to this protein!! Worked for me!!,5.0,14 September 2021,Best in the price range!,
318,Ashim Choudhury,Not good don't buy,5.0,13 March 2022,Don't buy wast of money,
319,Pinak Bagchi,Mango flavour is the best,5.0,29 December 2021,Mango flavour is the best.,
320,Aditya lute,Its so good,5.0,12 July 2021,Very good product best supllyment  inevr try this before,
321,Sukhpreet singh,Good product,5.0,25 May 2022,Good,
322,Gorav,Good for money value,4.0,1 December 2021,Good product,
323,Shakib husain,Good quality,5.0,28 January 2022,Best quality,
324,Raju kumar,Bodybuilding,5.0,26 February 2022,Nice product,
325,Sadik khan,If you want good results use as a pre workout,5.0,31 July 2021,Just good üèãÔ∏è‚Äç‚ôÄÔ∏è for muscle gaining,
326,Krish Shivhare,Harsh product!#,1.0,12 July 2021,Bad product!! Harmful for the body organs.,
327,·¥ç Ä.·¥†…™s ú·¥Ä ü‚ù§üëë,Very nice product üëç,5.0,14 August 2021,Very good product and healthy üòä,
328,Bhupesh Arya,Worth it product,5.0,28 May 2022,,
329,NAVEEN RAMANATHAN,Great,4.0,25 February 2022,Good,
330,DIVYANSH DUBEY,"Packaging was great, product is as expected and it's good that this is labdoor, usa certified !!",4.0,23 January 2022,Vanilla is nice,
331,Shaikh shahzeb,This is product is amazingggg,4.0,2 September 2021,This is good for health,
332,Laya jampana,Amazing product,5.0,2 August 2021,Amazing and must try product‚ù§Ô∏è,
333,Naveen Solanki,"Worked as promised,worth a try",5.0,5 September 2021,Must try.Got results,
334,Amazon Customer,Good for regular exersize,4.0,26 April 2021,Flavor is Good. Absorbency is worth the word.,
335,Vishnu,Value for money,5.0,3 August 2021,"Awesome product, value for money",
336,Anilkumar,Good,4.0,5 February 2022,Good,
337,arpit pachauri,Good product,4.0,7 February 2022,Good product,
338,Anand,100% Original,4.0,26 December 2021,,
339,Adarsh,Excellent  product,5.0,26 January 2022,Worth product,
340,Vinayak,Using first time but very satisfied... Using for muscle up ‚ù§Ô∏è,5.0,16 December 2021,U can Blindly buy it,
341,Milind,Good,4.0,29 June 2021,Good product,
342,swapnil chouhan,Good product,5.0,13 August 2021,Yesss value for money,
343,jaswanth,Excellent,4.0,28 June 2021,It's very helpful and great flavor,
344,Amit kha,Superb quality,5.0,6 September 2021,Amazing taste,
345,Samiran Borah,Best,5.0,2 September 2021,Nutritional facts,
346,Harshit bajpai,flavour,4.0,4 August 2021,I like this flavour,
347,Mayakrishnan,Normal,5.0,9 November 2021,Normal,
348,Hemant Yadav,Good,3.0,1 February 2022,Good,
349,Gourav,Perfect product in perfect price,5.0,27 January 2022,,
350,Sartaj,Best for workout,4.0,14 September 2021,Gd buy now,
351,sagar,God flavour,5.0,28 July 2021,Dissolve bilty gud,
352,vishal,Amazing,5.0,3 August 2021,Go for it,
353,GAURAV PATIL,Just got thisüåõüåõ,3.0,14 November 2021,Good,
354,Aman B.,Osm,5.0,29 July 2021,I have not recieved bcaa,
355,Varun krishna,Soopr,5.0,16 August 2021,Worth for money,
356,Shailesh,Value for money,5.0,9 October 2021,Flavour,
357,Abhishek,Absorbtion accha hai,4.0,14 December 2021,Ok ok,
358,Amit Naagar,Very good quality,5.0,2 August 2021,Good,
359,M.Noorin,Good,4.0,5 August 2021,Over all good product,
360,Somesh Mishra,Trash Quality,1.0,10 August 2021,IT TASTES TOO BAD.,
361,Taushif khan,yes,5.0,29 July 2021,very nice muscleblaze,
362,vinay,Seal's broken,1.0,7 September 2021,Broken,
363,Tejas hedda,As we look for contents for protein powder this muscle blaze fulfills that content,5.0,17 August 2021,Value for money,
364,saikumar,Very nice,5.0,13 August 2021,Liked very much,
365,Vinod markam,Good product,4.0,15 August 2021,Like,
366,Manohar Dinde,Value for money,5.0,15 August 2021,Very good,
367,Nipun,Good,4.0,29 August 2021,Good,
368,Ganesh,good taste,5.0,13 July 2021,good taste,
369,Himani pandey,It's such a amazing product .. no doubt thanks muscle blaze to customize Indians requirements,5.0,5 September 2021,Na,
370,vishal u.,Received genuine product from Amazon as I verify the product using code available inside packaging,5.0,20 June 2021,,
371,Deepak Sharma,An average protein just like others,4.0,25 May 2022,"Bought biozyme as my first product of muscleblaze and all I can say is its an average protein like 100 other brands nothing special or miraculous, felt stomach discomfort for initial first 3-4 days now it's normal , flavour is really very good and mixability too , taste much better in milk than water .",
372,Akriti Srivastava,Protein is good but taste is bad,4.0,23 April 2021,"Good protein and tested as well but taste is pathetic as compared to other brands like AVVATAR, ON etc. If you don't mind taste then good.",
373,suraj,STOMACH PAIN AND DIARHEAD AFTER TAKING FOR 3 DAYS,1.0,18 May 2022,"TOO MUCH STOMACH PAIN IN MIDDLE PORTION AND HAD DIARHEAD WASTED MY MONEY AND MY HEALTH, DONT GO FOR THIS PRODUCT",
374,sameer,Very Nice Protein but price much high on Amazon,5.0,16 March 2022,"The Amazon price 4399/-  is very high, i take from local Authorised supplyer in just 3700/- nice protein, i was buyd chocolate hazzalenat flavour which is soo yummy. Easy to mix in water.",
375,arijit,Easy to digest and great falovour,5.0,21 June 2022,The supply is so good in flavourand so easy digestive.....if you are doing athelitic activities and a fitness anthusiast you will definitely like its recovery features really can be felt when you will drink it .....like i can feel very relaxing when i drink it with cold water it feels like I'm having a really good drink ü§§ü§§ü§§ü§§ .......just loving it,
376,Ram Pravesh Kr Shaw,Trust Worthy product.,5.0,1 February 2022,I am consuming it from last 5 months.  It gets absorbed very quickly and improves stamina.It is very good and well tested product. I ordered chocolate flavors and tested good also.,
377,Kush,All things are good but what is that?,5.0,12 April 2022,,
378,ds. Venkanna. Eng,scoop on top was really amazing and this design made very easy,5.0,20 December 2021,This was my first order of MB and i was like wow..the build quality was too good and french vanilla flavour was mesmarizing the smell itself taking me to heaven.. and i have ordered from HEALTHKART app i suggest everyone to go with this app u will get original product,
379,Ankit,Very good,5.0,20 January 2022,For those who says no results waste of money. Probably it must be fake product or you haven't worked hard and not maintained proper diet. I am using this product since last 3 months and it has helped me get a lean muscle with proper defination I have used whey several times but this one is the best out of all,
380,Ankur Singh,It is a good product.,5.0,20 December 2021,"Pro- Good taste, Easily absorbs, easy on stomach, Seems to work.Cons- Cant find any...I bought it from Local healthkart store for cheaper price.",
381,Rahul Lohar,Perfect for improvement,4.0,11 September 2021,"Been training for 4 year and been using ON whey, First time switched to this product and im quite suprised everything is perfect.  Been using for 2 month got good gains , ignore what other people say they have no idea what they are talking about just becuase it doesnt suit them, Just go for it and buy it!",
382,Suman Banerjee,Quality of Product,5.0,10 July 2022,The quality and taste of the product both are good. It is a must recommended try for all the appropriate users.,
383,Alok Sahoo,Awsm,4.0,3 April 2022,"The media could not be loaded.
                



¬†Awsm tasteAwsm qualityAwsm workAwsm performanceLove dis product very much big fan of mb üíãüíãüíãLove you",
384,Ijaaz golder,Little bit cheating on delivery!,3.0,18 August 2022,Ordered 850g..received 750gü§∑‚Äç‚ôÇÔ∏èAlthough product is really good & the packaging it came was great..but the missing 100g is still annoying!üò∑,
385,Vivek Raghuwanshi,Very happy with the product,5.0,4 April 2022,"Taste is really nice, i have been using it for quite a while now and it is really a great product.",
386,Anonymous,Very expensive,3.0,28 March 2022,"Very expensive , even> foreign brands..................But protein is good,taste ok, flavour ok, cost is not ok.Their promotion is increasing the cost",
387,Himrukh nehru,Awesome,5.0,29 January 2022,Best product amazing taste amazing mixing loved it genuine product at better cost ‚ô•Ô∏è. Must buy good result ooohe s,
388,Manas kalvit,Good mixability and amazing taste!,5.0,3 August 2021,"Liked the mixability of this product. Tastes good and the most important thing, it digest properly. According to me best product in this price range.",
389,Ghai,.,4.0,9 February 2022,Flavour. Is to good. Every one can use this product for muscle building.I like this protein. Must you this item,
390,Nehanshi ramanuj,Too good & healthy!,5.0,15 November 2021,Best protein powder in this Price. It effect to quick to our body.its flavor is also good. Just go for it!,
391,Foram V.,Worth for money,4.0,31 July 2021,It‚Äôs a very good product and helps in muscle recovery very quickly. I tried many other protein powder but found this one the best.,
392,Rasleen,Amazing. Must have.,5.0,10 March 2022,I‚Äôm really liking it & it is a must have. Thankyou‚ô•Ô∏èüôèüèªüôèüèªüôèüèª. Loving it . Guys go for it .. ‚ú®‚ú®,
393,AMAN Shrivastav,GOOD PROTEIN,5.0,10 November 2021,THE FLAVOUR IS TOO GOOD AND THE ABSORPTION IS VERY HIGH.THIS IS A GOOD PROTEIN FOR LEAN MUSCLE GAINS,
394,Mickey Lou,"My mistake i bought this,that too 4kg, seeing reviews",1.0,27 February 2022,"Product was well packed.i ordered 4kg seeing the good reviews since they had offer price.my bad.i ordered chocolate flavour.it has a very weird intense nauseating chemical smell and aftertaste.does not dissolve well in cold water.since i bought it and opened it,i cant return it.so i am closing my nose and drinking/swallowing it somehow, hoping atleast it would give results üòî :-(",
395,Santhosh,Great taste but kills your digestive system,2.0,3 April 2022,"The mango flavor is terrific. Almost like a mango shake. But after few days of usage, my stomach started to bloat. The other reviewers who say so are right. If I have this in morning it takes till evening for stomach to become normal.",
396,Adi,genuine product!,5.0,6 October 2021,the item arrived a day late but nevertheless amazon customer service were kind enough to assure me every step of the way that the product will be genuine and I would get it at the earliest. I was worried because there were some reviews about adulteration. Websites like Nutristar do guarantee 100% genuine products but take too long to deliver. Hence I had chosen amazon.Delivery aside the product is really good.1. Excellent taste (chocolate hazelnut flavour)2. Excellent mixability even with milk3. Price on point,
397,T,"In my opinion, this is best for Indians. Great taste of chocolate and so are the results.",5.0,12 August 2021,"#Great taste of chocolate and so are the results. #In my opinion this is best for Indians.#I have been using it since 2018. Also using BCAA from the MuscleBlaze and other products.# Among all other branded proteins available in the market, this gave me best results in muscle buildup.#Shows result within a week.",
398,Vishwas L.,Good product 100% that set,5.0,27 June 2021,"Generally for protein shakes, it's better to go with flavours that go well with milk. You can choose flavours like grape, strawberry and mango just for a change.But the problem is the flavour is too sweet and I felt like mango sugar taste and for slow absorption if you take it with milk then you have to consume within 5-7 mins as the milk breaks. Rest I find it good but I feel its contains some sugars (not mentioned on the container) as it's so sweet. In my opinion it's better to go with caffe mocca or chocolate if you don't mind the taste but if you want to try something new go for this. Btw it tastes so good with milk and when mixed with water it tastes like diluted copy products of maaza or fruity.",
399,Gaurav Roy,Tastes like a mango drink. Surprisingly good !,5.0,2 October 2021,One of the weirdest protein drink! Surprisingly sweet and snappy like an actual mango drink. Dissolves really well. I quite like this protein. Too early to comment on the result but for now hasn‚Äôt caused any side effect. Packaging is damn good as well. Even the quality and grade of container material is damn good.,
400,Sarthak,About the product.,5.0,14 October 2021,"Okay, so this is the first time I started taking whey protein. I chose this because it's a very renowned Indian brand and of course promoted by NEERAJ CHOPRA.It's been 10 days using it, and it doesn't cause any bloating and indigestion. The absorbency, Flavor and quality of the whey are pretty good.If you want to lose weight, then I'll recommend you to go with ISOLATE WHEY PROTEIN.Overall, I like the product and will recommend you to go with it.Thanksü§úü§õ",
401,Anu,Bitter taste,5.0,25 July 2022,Bought the mango flavoured one. It gives bitter taste witch makes uncomfortable. Not sure whether that is how it should be. I didn‚Äôt see this with other protein powder I bought.,
402,Pulkit,Good source of protein,4.0,12 October 2021,"My main problem is the taste of this powder. I have taken the chocolate hazelnut which tastes just horrible. I guess plain chocolate or strawberry would have been better.Apart from that, its a good powder mixes well feels good.",
403,Harsh singh,Love this biozyme whey protein,5.0,12 May 2022,"good protein with good taste easy to digest good for professionals and beginners also i find that also labdour certified protein is necessary for bodybuilding and fitness if you are looking for good protein I recommend you the best Muscleblaze biozyme.... easy to find the scoop on top  and, most importantly, a budget-friendly protein recommended by my trainer!",
404,vamsi,Good product,4.0,24 November 2021,I recieved Genuine product and the mango is flavour too good i recomend this product ....but what i want to tell u is follow instructions carefully to make thick flavoured protein shake ....and absorbtion lever is too good no irritability in stomach no faltulence etc..stomach friendly,
405,Badboi chinmoy,Good choice but price is bit high,5.0,7 December 2021,"Chocolate Taste is good.. I love it with milk.. Tho with milk the thickness is too much, so better take with water. Also remember to hit gym or heavy workout before taking this supplement, cuz taking protein without gym or exercise can do liver and kidney damage, like my friends got.",
406,Vikram,Value for money,5.0,8 April 2022,"The media could not be loaded.
                



¬†This whey contains all the essentials that a fitness freak need, Just buy this product if you don‚Äôt want to compromise with your health , just go ahead and buy the product for fabulous results.",
407,Rishabh,Great product by muscleblaze,5.0,16 October 2021,It's actually good tried a muscleblaze for the first time I got in amazon sale recently and I have tried chocolate flavour protein. This is the first time I buyed a mango flavour and absolutely it's the best and mixability is also quite good and I'd you want to add to shakes definitely you'll like the taste give it a try..üíØ,
408,Mohd Uzair,Best in india,5.0,9 June 2022,I got everything I needed but its for those who know how to avoix certain foods and food habits. Its not for everyone.,
409,Haraprasad,Testy Testy,5.0,18 February 2022,Flavor & Test is like Slice & Mazza.,
410,Batman,taste and results,5.0,30 June 2021,it made me remind of muscle pharma wheay with the taste also with amazing results am going for the 4LB for sure..,
411,eeshan kant upadhyaya,Nice indian competitor for Foreign brands,5.0,17 November 2021,"I always had GNC or NITRORECH, On but i tried this first time because of money.And wanted more quantity. Guys this working wonders. Must buy.",
412,Anup Jyoti,Awesome,5.0,27 June 2022,Nice taste and quality product with very low price.. excellent,
413,Shiraz Kabeer,Worth the money!,5.0,24 May 2022,Been using this for the past few months and the result is amazing! In love with this biozyme protein and the flavour is sooo soo good! Best protein you‚Äôll ever get in market fs.,
414,Vikrant chauhan,This protein is very absorbable,5.0,17 October 2021,"The media could not be loaded.
                



¬†Magical mango flavour is üî•üî•üî•üî•üî•üî•If you drink this flavour with milk then you forget that you are drinking mango Shake not a protein shake",
415,SANJAY J,Genuine Product,5.0,15 November 2021,"Good product, packing is very good.",
416,Bhanu,Best product of MB,5.0,20 October 2021,"The media could not be loaded.
                



¬†No doubt , this product is excellent for muscle building. Infact I am using first time indian protein powder...and I like it",
417,Anil kumar Raikwar,Awsm,5.0,30 January 2022,Very nice mango flavour,
418,Amarpreet,Tastes the best,5.0,30 April 2022,I ordered this first time and when i used this protien it's tasty and best thing about it was it mixed with water very easily.,
419,Rohit kushwaha,MB,5.0,29 June 2022,Mixibility is awesome. Love rhe taste(Vanilla). Waiting for the results.,
420,Samir Shaikh,Good,5.0,12 October 2021,Every thing good,
421,Amazon Customer,Ultimate,5.0,24 October 2021,Ultimate product,
422,MN GD,First indian protein purchase‚Ä¶,5.0,19 April 2022,i will purchase first time indian brand but its awesome..its a pure protein with biozyme..after my workout i will drink 1 serve its give best recovery..Also best for lean muscle Gain.,
423,Rahul singh,Fantastic üëç,4.0,11 February 2022,"The media could not be loaded.
                



¬†Fantastic taste and great results. It helps me alot during my competition sessions. I put up almost 6 pound lean muscle mass. Loved it",
424,Obi,Make the right choice for your protein,5.0,24 May 2022,Very good taste feels like your having chocolate shake have it with cold water for better flavour,
425,IRFAN KHAN,osm,5.0,19 August 2022,good product,
426,Nitin,Quality is goods,5.0,19 August 2022,The product is very good Gives you the results on early stage of using,
427,Ranu,Good quality product good one of mb,5.0,27 August 2021,Nyc,
